hotel_id,hotel_name,city_id
19c101cd-a2a4-4234-9dd3-d4c59a5f1a11,Sanchez PLC,3ccbbd30-65b1-429b-98fb-0a1ab4f2c065
772f2e0d-cfc6-4b15-a06b-0b44ad91e14e,"Beltran, Schneider and Kennedy",cf631c6f-6e98-42a7-848f-8974b6053089
31356a56-247d-412d-b84e-89b41f326faa,"Meyer, Ross and Contreras",99f97a2a-4ca6-4e90-87d7-cced00065508
3b4d2aec-5441-4ea4-bbb5-250b5ead4abe,"Soto, Nash and Warren",e0962efb-82fc-4eb9-a3ab-e3f2f6977f46
80512ba7-c7e1-4e5f-9bc7-7249f0147427,Levine Group,f154746e-4926-47fb-9ee0-31d442557a2b
3f099991-7e74-4f8f-bdc2-7c0259aeef0c,"Parks, Thompson and Moody",2cbcb12a-f7f4-4314-8670-86cbdb265265
85f265ac-166a-4c25-8074-c1fa96e8934c,"Phelps, Stevens and Hoffman",70a1f110-7c31-452d-b839-576917cba2de
cd587d9f-7116-43a4-8631-b985952c250f,"Farley, James and White",021e3aae-f4ff-45e9-8f10-28699a4cbcf9
0af6d3e6-b2fa-445c-aba5-bd53be0bb6e3,Sims-Sharp,e0962efb-82fc-4eb9-a3ab-e3f2f6977f46
281fc583-60a5-41ad-a4b0-d8597383232b,"Foster, Nichols and Lewis",bd4c3b8d-356e-4ad4-b8c2-750e632c02f7
8390673e-e14c-4862-acaa-62862b6000cc,Brown LLC,48a4fd32-7782-4786-afa5-33f865427c80
82835e5a-4bbd-4575-98c3-799e63a05750,Martin Ltd,e0962efb-82fc-4eb9-a3ab-e3f2f6977f46
36f042b3-8a20-4532-9fbc-d0e4864c68bb,Scott Group,364f42f9-8e5b-4ccb-8e7e-5291d9b086e6
9f2b5d9c-025e-48e9-b787-c37cf63cd381,Williamson and Sons,c32ffec9-20cb-47d5-b9d9-b94624d5e46a
f5e0da86-b320-467e-84aa-61a62675c71c,"Mason, Jenkins and Gilbert",177ac18d-a78f-4ada-8344-9b19fc364536
01b0958f-a9df-402a-9691-00f5645c26d3,"Thompson, Allen and Moore",d2aedda9-212f-4616-abcd-ad63660da198
62372b96-371d-41d3-8f2e-f84c12a04a3d,Smith Group,19498413-8c33-4bd3-ac6a-1aab91c2da01
30903502-b5aa-47a6-bd11-2f89b29351c5,Gonzales LLC,99f97a2a-4ca6-4e90-87d7-cced00065508
834bc441-a8ba-46c0-904c-80897d5ef25c,Aguilar-Kennedy,c32ffec9-20cb-47d5-b9d9-b94624d5e46a
db873d36-0584-4505-8b0e-428fd2035da7,Mueller PLC,9df5419e-88d0-44f3-8cd7-027e86c20957
22090591-3173-4476-a076-47249436e2c5,"Crawford, Phillips and Patterson",70a1f110-7c31-452d-b839-576917cba2de
cf84f061-f69c-4673-9214-7cf9b9e914b0,"Adams, Robinson and Gonzalez",4a0c6738-1cb6-4a7b-8a3a-0a267629b5b4
5443267d-3c86-450d-a9a3-3951fc34d10d,Thompson-Green,1128d0cf-95a8-43ad-9bf1-093bb9447769
9829be1b-85b5-4210-ba69-67033222fbe5,"Taylor, Diaz and Salinas",99f97a2a-4ca6-4e90-87d7-cced00065508
b22cd016-b0d2-4bca-85f7-e1c02ab9300f,Simmons Group,4f98550f-8bcc-4803-8d23-32bab1f6a3f6
813ad97b-89c1-4be3-8286-d5e494941018,Carpenter LLC,338ab250-d86b-486e-802e-b45d9d25db46
47849024-351f-4792-bbcf-077fb61a761f,"Murphy, Caldwell and Rich",84e03489-d383-4dee-b2ec-f80d8f3f49c5
0fbe06b7-1c45-445e-af63-e53b4eb63179,Young PLC,b0c39dac-7fd0-48ad-8a28-5e87a9b24c8f
bfd840e2-928c-45e3-a7ce-2ac2663d2072,Meyers Inc,0ef39266-9c75-49dc-8ea8-fe5a269f4abb
6838ba81-2358-4e48-8ae1-5bebb03263d4,Kramer Inc,364f42f9-8e5b-4ccb-8e7e-5291d9b086e6
fa6e9d97-4817-43f8-a643-f40245ced8a3,"White, Martin and Atkins",6fc4dfac-52d7-483b-adf9-1ee3327dbcca
395bf1ab-8c57-4003-9edd-a0582e2866ca,Decker-Johnson,70a1f110-7c31-452d-b839-576917cba2de
29d1cf0e-131a-4474-bc2e-6049582e8cb5,Taylor-Jensen,511e4f00-0118-4143-9cff-4ba82be0cedb
c045224a-038a-4157-86df-31f428143e76,"Burch, Barton and Long",177ac18d-a78f-4ada-8344-9b19fc364536
4e666b82-f3c3-4dff-a37c-789f5caa2751,Adams-Odonnell,f154746e-4926-47fb-9ee0-31d442557a2b
03ff7b20-e76e-4616-b894-66a8855cbb3b,"Smith, Solis and Coleman",de423d37-0ea6-4798-86b3-1290857737f1
82fcf189-6116-4c9d-86b2-d48ae22e24e6,Price-Jackson,cf8c20d6-d85d-4d28-855b-1d92667aebb6
f60178eb-61ad-45af-bfa4-7d2b363aaddc,"Williams, Hughes and Carrillo",94a2d563-8a72-4277-bd18-a88e92fe3bc9
1bc6262f-32d5-46d7-9e6f-5e46331759a5,Hamilton-Garcia,0ef39266-9c75-49dc-8ea8-fe5a269f4abb
4ec6a888-2637-4a90-b6e9-a4bfa4ae0c0a,"Brandt, King and Larson",d2aedda9-212f-4616-abcd-ad63660da198
9858dc47-1423-448d-bb83-e1ef65c26eba,Vaughan and Sons,48340b68-3373-4d32-98f7-acc01d7445a1
f6b02dc9-42c4-47a0-aac6-bd6b42edafdd,"Greer, Novak and Harrison",f154746e-4926-47fb-9ee0-31d442557a2b
0fdc90ad-678a-40c7-8fa1-2f3558dfe60e,Thomas-Williams,9f5732ae-a3c9-49dc-8c3b-2148e343d3ce
91347805-1a6a-45b9-9bbe-266309ba527f,Adams-Jackson,9df5419e-88d0-44f3-8cd7-027e86c20957
f79e6dcb-4d5d-4748-afa3-b93ea934eaa8,"Potter, Turner and Bell",cf8c20d6-d85d-4d28-855b-1d92667aebb6
25d66aa4-4a76-4427-81e4-0f40b76aeb20,Mcgee LLC,48340b68-3373-4d32-98f7-acc01d7445a1
a87f3f95-49d5-4d0a-8316-87b77f7ca50d,Reed LLC,bd4c3b8d-356e-4ad4-b8c2-750e632c02f7
3dcd6501-f2f2-4d8f-9c0d-7d0250d58d0d,"Hodge, Chambers and Morris",c32ffec9-20cb-47d5-b9d9-b94624d5e46a
58d072cd-6e4d-4409-a66d-149fa13348ef,"Nelson, Davidson and Castillo",235657ad-1e2b-4706-a727-321477d7196c
989c357f-8240-473e-8607-8333094d83ec,Brewer Group,bd4c3b8d-356e-4ad4-b8c2-750e632c02f7
88f5559e-2a35-4c06-b8bc-4f627e2dd27c,Webb-Mccoy,9e16ae06-41c0-40e0-9b3e-669a511be1b9
b0eb4d79-85c3-46e8-9b45-b8beb75d29c1,Alvarez Inc,9e16ae06-41c0-40e0-9b3e-669a511be1b9
93d976d0-e193-406f-8e89-773a2bd83eb0,"Alexander, Morgan and Johnson",1128d0cf-95a8-43ad-9bf1-093bb9447769
e54b1ce5-f13d-4b75-890b-1ab5d35f34cb,Montgomery Inc,1840436e-d494-432a-bf03-df09cc8d961c
efa5d5f6-ac8e-41fb-b338-3cd148d15429,"Shaffer, Williams and Miller",19498413-8c33-4bd3-ac6a-1aab91c2da01
c6d2771f-59af-45b4-8dd0-c908ee6ccdc9,"Wilson, Romero and Ford",5181cae0-a98c-4d03-bd67-24bbd3bee374
e72f0357-09d9-4e5b-8aa2-b5f323fe589d,Kelley-Alvarado,aeee9fcd-9f50-4cb5-a463-e8739eb37138
76061b12-193c-4e41-9edb-003552af13fd,"Smith, Hernandez and Young",364f42f9-8e5b-4ccb-8e7e-5291d9b086e6
72c452d7-09f7-4c46-84b1-4be591ffc0aa,"Hudson, Durham and Peterson",cf631c6f-6e98-42a7-848f-8974b6053089
5810f1dd-19fc-499b-8a26-6ab361fd39d1,Miller-David,235657ad-1e2b-4706-a727-321477d7196c
639ec4f9-e59e-4660-a782-a8ad0f0364b4,Harris-Lucero,c32ffec9-20cb-47d5-b9d9-b94624d5e46a
4030d900-2440-43f3-b2eb-10768a346d33,Guerra and Sons,4f98550f-8bcc-4803-8d23-32bab1f6a3f6
411d1082-bece-4fac-b101-ccb434a4f2bc,"Mercado, Phillips and Leach",da57a617-622e-4a31-b659-fcb0342aac92
ac8c0362-4371-42f6-a5d6-b459bb3affed,"Day, Berg and Robinson",3ccbbd30-65b1-429b-98fb-0a1ab4f2c065
efe2ec7f-5665-444b-a2c2-08d962a07c6f,Elliott-Chen,d26b3a35-e4aa-4b01-9cbe-5047aaf4246a
2865b596-9304-4c6a-8ec7-725d79d33ec4,Barnes-Clark,740c49d4-61f0-4c42-99a5-dc912923b731
8c7a2ae2-a6aa-4e9f-b8b0-1862494ed605,"Lang, Allen and Montoya",75e0ba52-23f5-49ca-bb58-83f4066a7d25
b4be4c03-1805-4a5b-a1fd-60827151cbb8,"Hoover, Thompson and Wall",338ab250-d86b-486e-802e-b45d9d25db46
ddda34ca-5580-4c77-aec4-e5dc50805a88,"Reed, Smith and Roberts",84e03489-d383-4dee-b2ec-f80d8f3f49c5
3a0afea3-273f-444f-9590-0c364c77b78a,Young and Sons,8803703f-a7ab-45d1-ab0b-ea4205ca2a2e
81c9369f-5efa-4cd4-95ee-a897b4c1650e,Henderson-Tyler,19498413-8c33-4bd3-ac6a-1aab91c2da01
1ce54538-3cf1-44ef-9f4d-604a0e9c6476,Jordan-Evans,2052b601-6234-4e7e-8518-e7e97989e85c
0a06577f-c167-49e8-a1f5-1b95c269d45e,"Lewis, French and Thomas",70a1f110-7c31-452d-b839-576917cba2de
f296d3c7-a51d-43d8-a4e9-f2ca15d445ae,Ross Ltd,5a6dbbb6-5437-479b-a7d1-abed970b7f04
2cb53321-79da-45e5-8b47-ef5028c366da,Peterson-King,da57a617-622e-4a31-b659-fcb0342aac92
e38cd73d-f4f8-4c4a-b886-a27889e583fc,Harding-Scott,c32ffec9-20cb-47d5-b9d9-b94624d5e46a
259a95f6-a364-4f62-83c1-0829c15ffa82,Ramirez-Anderson,70a1f110-7c31-452d-b839-576917cba2de
ce58ea41-4011-48b9-959a-30f0ed660633,"Beltran, Ramirez and Castro",bd4c3b8d-356e-4ad4-b8c2-750e632c02f7
85d61b5e-7b27-4b54-b29f-94c2acdb858c,"Osborne, Berry and White",235657ad-1e2b-4706-a727-321477d7196c
c8d3c816-c75f-485e-82b2-41600444ff79,Austin Group,f154746e-4926-47fb-9ee0-31d442557a2b
0a693b41-bd28-4010-9c77-34fcf6802779,Wong-Nelson,aeee9fcd-9f50-4cb5-a463-e8739eb37138
1742e20b-24bc-4db6-b356-5464fae25c40,"Norman, Le and Wheeler",3ccbbd30-65b1-429b-98fb-0a1ab4f2c065
8c55d7ba-c0df-470c-8d12-d19c768c9cde,Green LLC,740c49d4-61f0-4c42-99a5-dc912923b731
7ef78b49-0d14-4835-859b-f88716879c3e,Arnold-Simon,94a2d563-8a72-4277-bd18-a88e92fe3bc9
5c8f7c66-16bf-4111-912a-92eb50152bca,Moore Ltd,740c49d4-61f0-4c42-99a5-dc912923b731
d332e3b6-5233-4e76-8e63-dbb5ca4ffcef,Reid PLC,9e16ae06-41c0-40e0-9b3e-669a511be1b9
bdc30305-9ab9-417c-93d3-9f13a624a40f,"Mcintosh, Wilson and Nunez",9df5419e-88d0-44f3-8cd7-027e86c20957
34ad0c18-228b-4689-a137-df9c2b016def,Navarro Inc,2052b601-6234-4e7e-8518-e7e97989e85c
96d7d5be-f65f-498d-9ead-36a633e9d678,"Ayala, Ford and Jennings",f154746e-4926-47fb-9ee0-31d442557a2b
d36966e7-8ab8-4172-a9e4-3e2d1cbc6f1a,Campbell Inc,0ef39266-9c75-49dc-8ea8-fe5a269f4abb
2d883961-1a5c-4f2d-911a-e263ec922f9d,"Andrews, Mcguire and Mitchell",48a4fd32-7782-4786-afa5-33f865427c80
2ace686d-41c4-4914-8dfb-6a415f89590a,Giles Ltd,b0c39dac-7fd0-48ad-8a28-5e87a9b24c8f
95083bda-6e16-40a8-8290-270bd3bcebf0,White and Sons,8803703f-a7ab-45d1-ab0b-ea4205ca2a2e
8cbb685d-59f5-443c-ad07-319045ab9c42,Whitaker LLC,1128d0cf-95a8-43ad-9bf1-093bb9447769
e369e8b9-5722-4d23-8b72-69c8c8ed30e2,Johnson-Davis,3ccbbd30-65b1-429b-98fb-0a1ab4f2c065
a94b174d-1712-4845-acf8-1df070d46de3,Turner Inc,94a2d563-8a72-4277-bd18-a88e92fe3bc9
12ed3b6b-f265-4938-9a4f-7ffb849089aa,Mcdonald-Williams,364f42f9-8e5b-4ccb-8e7e-5291d9b086e6
231d2a2b-57f7-4964-a1cc-ed6585beac30,Andrews-Gallagher,5181cae0-a98c-4d03-bd67-24bbd3bee374
59aa0f74-dc0d-4e76-aeb4-19cf79472bff,Martinez Inc,2cbcb12a-f7f4-4314-8670-86cbdb265265
391011c8-2858-4847-a926-9d03f761ab2b,Bennett-Sampson,94a2d563-8a72-4277-bd18-a88e92fe3bc9
fefc9dbb-db45-457d-afa9-83b365e4dd08,"Torres, Wells and Dorsey",aeee9fcd-9f50-4cb5-a463-e8739eb37138
6cfd1106-722c-485e-be1f-6dfe7ad83ecf,"Hodges, Lee and Mcknight",235657ad-1e2b-4706-a727-321477d7196c
aba6781a-715a-4269-a106-713cc88530d4,Robinson-Jackson,f154746e-4926-47fb-9ee0-31d442557a2b
28995541-2d62-459e-adf9-571b8656f379,"Dodson, Howard and Atkinson",3ccbbd30-65b1-429b-98fb-0a1ab4f2c065
6241bd4a-1ac7-4f9d-b7e9-08c5b3846559,"Miller, Miller and Hughes",0ef39266-9c75-49dc-8ea8-fe5a269f4abb
d771aa2d-016a-42f4-b50f-55846c1ce001,Davis-Davis,4f98550f-8bcc-4803-8d23-32bab1f6a3f6
b637c235-9a51-4e73-88f5-a240289bbe98,"Sanders, King and Norman",70a1f110-7c31-452d-b839-576917cba2de
7580dbe1-0ecf-4dea-afb4-7b9328c1ae54,Bryan-Bennett,48a4fd32-7782-4786-afa5-33f865427c80
213add2e-f581-4e02-80ca-2c53715435e7,"Hurst, Robinson and Miller",b7ead4ae-93d0-447a-b416-66e49404e116
54926cac-b8fe-4e2e-9551-8efbd6e3527b,"Dawson, Evans and Mercer",5a6dbbb6-5437-479b-a7d1-abed970b7f04
d6873eab-6afb-4d5c-9556-0bb94df2e801,Estes-Huang,5a6dbbb6-5437-479b-a7d1-abed970b7f04
87560fdd-7314-44bc-99b2-be35596edc23,"Johnson, Whitehead and Thomas",cc37561e-5b34-4e41-99b1-76ffe52fe939
fb6300e7-6936-4515-ab1e-c6760ba67b11,Thompson-Roberts,70a1f110-7c31-452d-b839-576917cba2de
397a0182-1842-40e3-99be-57e41f0dec70,Beasley PLC,19498413-8c33-4bd3-ac6a-1aab91c2da01
0cbccea5-d515-458c-9473-4d4b704a365c,Shaw-Williams,b7ead4ae-93d0-447a-b416-66e49404e116
98cf1265-6aee-4cd6-afc4-0e24669eb362,Brown-Morgan,bfd0c62b-e289-4f85-9f02-720136931b75
aa6c6bba-d337-4991-82fa-5e9d0216ddea,White-Hale,f154746e-4926-47fb-9ee0-31d442557a2b
5455110f-fb9f-44c3-9cbb-1d566cb3e173,"Hanson, Young and Benitez",8803703f-a7ab-45d1-ab0b-ea4205ca2a2e
1ee4f933-3a91-4273-a741-b8e0bbc5834e,Huerta-Lucas,9df5419e-88d0-44f3-8cd7-027e86c20957
2b7c431f-d32b-4af3-9810-436b7a204024,"Jones, Norris and Spencer",75e0ba52-23f5-49ca-bb58-83f4066a7d25
1035916d-17d5-49f1-870a-17f03ba808a2,Powers-Shelton,84e03489-d383-4dee-b2ec-f80d8f3f49c5
8ed3b69d-b4c5-4dce-af3b-6fa4fdd115a9,"Turner, Powell and Jones",b7ead4ae-93d0-447a-b416-66e49404e116
58a659f9-47c2-4b0b-ba24-6ce38f00ce2c,Dixon PLC,9df5419e-88d0-44f3-8cd7-027e86c20957
a643bcdb-dc32-4d96-a421-8a9929fca15e,Stewart-Cruz,b0c39dac-7fd0-48ad-8a28-5e87a9b24c8f
1d435774-3e8e-46bf-917b-c091a3e9dffb,Monroe-Brown,4ba1d58a-7415-45b1-b486-b38280192eb4
2791e051-9226-4b5a-a36a-e841bb55a317,Brown Inc,bfd0c62b-e289-4f85-9f02-720136931b75
608bee26-5ded-4496-aa5c-79a9c0b15b03,"Moore, Brooks and Taylor",b0c39dac-7fd0-48ad-8a28-5e87a9b24c8f
0b726568-0ded-4e7e-b413-587b545c7a67,Ramos-Potter,aeee9fcd-9f50-4cb5-a463-e8739eb37138
cac811a7-ea66-4f2f-ab0f-0b658eb88423,May Inc,9f5732ae-a3c9-49dc-8c3b-2148e343d3ce
5eaf0d77-1930-465b-b384-229b48cc3f51,"Smith, Powers and Gonzalez",1840436e-d494-432a-bf03-df09cc8d961c
11989ee8-91ff-4ee0-821c-f6fdbd64ac19,Hawkins PLC,021e3aae-f4ff-45e9-8f10-28699a4cbcf9
e26340dd-0632-48c1-9792-55c0c2218dbf,Phillips Ltd,2cbcb12a-f7f4-4314-8670-86cbdb265265
1ba9957d-d5af-40b4-973e-284ddbb33df1,"Burke, Davies and Cohen",e0962efb-82fc-4eb9-a3ab-e3f2f6977f46
37aa5772-2920-4567-a86c-a1eefecf0a0e,"Rodriguez, Roberson and Livingston",4f98550f-8bcc-4803-8d23-32bab1f6a3f6
1d84bb4d-d673-448c-898c-1c7c0b87459c,White-Barnes,364f42f9-8e5b-4ccb-8e7e-5291d9b086e6
cab9a90f-a8cd-49d7-b31f-6ba8b765af25,Arnold Ltd,1840436e-d494-432a-bf03-df09cc8d961c
f7440b25-4738-4bdf-bf09-9854c28491ef,Williams Ltd,e0962efb-82fc-4eb9-a3ab-e3f2f6977f46
4ada4062-e6d7-4be3-a3e4-b15c416cc06d,Lucas Inc,177ac18d-a78f-4ada-8344-9b19fc364536
40271fa1-17fb-4ba2-817a-df896d7ee2a8,Rogers and Sons,d2aedda9-212f-4616-abcd-ad63660da198
49125f32-c284-4be2-8db9-50a5d830a81c,"Koch, Powell and Blanchard",177ac18d-a78f-4ada-8344-9b19fc364536
8711c782-a9dd-4a84-9324-56e68bdff89e,Baker Ltd,bfd0c62b-e289-4f85-9f02-720136931b75
b8c0fe2e-5c3f-4f67-9c9d-bc9bb7d10064,"Warner, Jones and Hardin",740c49d4-61f0-4c42-99a5-dc912923b731
5628e39d-7052-4df9-b5e5-b39fa8d61615,Mitchell LLC,70a1f110-7c31-452d-b839-576917cba2de
9afbcce9-f59c-4089-98a8-939c3a1e2d55,Smith Inc,021e3aae-f4ff-45e9-8f10-28699a4cbcf9
83ee69ed-9e4a-484b-8bca-961e6949f919,Morrison and Sons,4a0c6738-1cb6-4a7b-8a3a-0a267629b5b4
f2b83fa5-eb9b-4829-9e0f-2f42d12387d6,Holland and Sons,4ba1d58a-7415-45b1-b486-b38280192eb4
1597d970-f539-4d2d-8d43-2528cd1ccbc7,Berry-Williams,c32ffec9-20cb-47d5-b9d9-b94624d5e46a
6e419640-bb06-4642-9656-ca7870c28cbb,"Sharp, Brady and Walker",cf8c20d6-d85d-4d28-855b-1d92667aebb6
be0ed1c7-cb8a-442a-9f79-190bc58ddf1f,Tyler-Anderson,cc37561e-5b34-4e41-99b1-76ffe52fe939
3f2797c6-2ea9-4849-abd2-3c88e2646b19,"Rivera, Henry and Thompson",cf631c6f-6e98-42a7-848f-8974b6053089
33c98afc-00a0-4b1e-99cc-915663775d53,Smith-Miller,9f5732ae-a3c9-49dc-8c3b-2148e343d3ce
d84f9b2d-7894-45af-b266-301ab3e1e122,Moore Inc,3ccbbd30-65b1-429b-98fb-0a1ab4f2c065
87b4294b-4568-4176-af02-490f60459aab,Harvey-Shaw,94a2d563-8a72-4277-bd18-a88e92fe3bc9
b110c2c8-8fbc-41c7-8d80-9fbeded369ea,"Bailey, Miranda and Perez",48a4fd32-7782-4786-afa5-33f865427c80
471f8673-32ee-4302-9f15-d9ce74d50f58,Daniel-Barajas,d2aedda9-212f-4616-abcd-ad63660da198
149c5876-ffdf-44d1-af5d-22d83c36aa4f,"Sullivan, Jenkins and Green",1128d0cf-95a8-43ad-9bf1-093bb9447769
8e7d5a43-a6d2-4019-8546-4c9f776fb66f,Carpenter and Sons,8803703f-a7ab-45d1-ab0b-ea4205ca2a2e
ce0c8b6d-7801-42c2-a2f7-26ba45207e87,Cochran-Horton,235657ad-1e2b-4706-a727-321477d7196c
f545ea28-9d29-489f-9555-3d447d8c8c48,"Gentry, Sullivan and Ford",235657ad-1e2b-4706-a727-321477d7196c
4ba0d90d-dbdc-409d-9352-a7f453278ccf,Irwin-Gordon,1128d0cf-95a8-43ad-9bf1-093bb9447769
50325ece-cab6-4f5e-a7b4-dcede998bef9,"Anderson, Jones and Perkins",aeee9fcd-9f50-4cb5-a463-e8739eb37138
225301dd-b1ff-4fee-a34f-70debddcf4e4,"Smith, Kane and Gallegos",fc5eebf2-61bc-4b4b-9677-18854e0fadd7
3fdb8483-42a5-4353-b8be-f511aed46c5c,"Roberts, Rivera and Mooney",1840436e-d494-432a-bf03-df09cc8d961c
64bdbdc1-cf08-4619-b4fe-531649b23bc0,"Everett, Rodriguez and Lopez",4f98550f-8bcc-4803-8d23-32bab1f6a3f6
504fa9d8-266c-4c60-a9c1-4acfe008f21f,"Maldonado, Ali and Ayers",de423d37-0ea6-4798-86b3-1290857737f1
d7423854-9f82-4c4a-9195-ef1646083d5a,Cook and Sons,48a4fd32-7782-4786-afa5-33f865427c80
d43a2a75-b540-4fac-88a0-51e4cc9f54b0,English Ltd,5181cae0-a98c-4d03-bd67-24bbd3bee374
c34cae5e-6c28-4c06-9b58-c1238c36fab9,Jones-Carter,cf631c6f-6e98-42a7-848f-8974b6053089
5e79a664-beaa-40a1-a5ec-3aa747788bfb,Acosta-Oconnor,48a4fd32-7782-4786-afa5-33f865427c80
57b5174d-f628-400d-ac6b-35e9230d17a4,Beard LLC,364f42f9-8e5b-4ccb-8e7e-5291d9b086e6
fa0f73f9-47db-4c1d-a08a-7caf41c6a01e,"Black, Porter and Osborne",cf8c20d6-d85d-4d28-855b-1d92667aebb6
652f27eb-e469-449f-b6e2-6174376600a4,Henson and Sons,f154746e-4926-47fb-9ee0-31d442557a2b
2fde4790-9a8c-4373-a2dc-cf98bb2c2274,"Mason, Guzman and Henderson",5a6dbbb6-5437-479b-a7d1-abed970b7f04
e5bb808d-6f16-444b-b3f4-efbde1ed8566,Scott-Mcgee,b0c39dac-7fd0-48ad-8a28-5e87a9b24c8f
c41a43de-0746-4caa-8244-d1cdb0115aa2,"Brown, Mills and Williams",48340b68-3373-4d32-98f7-acc01d7445a1
d34d483e-7505-4d7c-bca9-b5e6f8dd9696,Preston LLC,cf631c6f-6e98-42a7-848f-8974b6053089
6674ea4b-6343-4f7a-8664-705cd43578be,Wilson and Sons,da57a617-622e-4a31-b659-fcb0342aac92
a8ae4aa2-2df1-486f-b8db-1a42373dc70d,Madden Group,d2aedda9-212f-4616-abcd-ad63660da198
0c4b65bd-a0f7-450a-8fd6-66de96dc8311,Campbell-Lambert,94a2d563-8a72-4277-bd18-a88e92fe3bc9
1655f292-6485-47a7-bd3d-433dd4559651,Martinez LLC,aeee9fcd-9f50-4cb5-a463-e8739eb37138
d5888ab8-d533-4d75-9c4f-029ed1f5da20,"Young, Rivers and Collins",de423d37-0ea6-4798-86b3-1290857737f1
aa4d4319-78e1-4680-954c-f779a527db24,"Jackson, Nichols and Grant",5181cae0-a98c-4d03-bd67-24bbd3bee374
63dda88f-91e0-4a9e-8af3-231833598703,Davis PLC,5181cae0-a98c-4d03-bd67-24bbd3bee374
41fb694b-b401-44d4-b4a2-22e88e1d7829,Taylor-Morris,1840436e-d494-432a-bf03-df09cc8d961c
c5fbee7a-bd26-4ac8-ac62-4d5cad169f28,"Perry, Drake and Wright",4a0c6738-1cb6-4a7b-8a3a-0a267629b5b4
93a91571-b732-4258-ad9d-5889bf42681d,"Adkins, Wilkinson and Henderson",cf8c20d6-d85d-4d28-855b-1d92667aebb6
3105c47d-2542-4071-bb7c-dd129ccb811b,Day-Ballard,cfff0c6d-f33f-4f9b-b6fe-347fd792dc12
7a0a8ccf-1c90-4338-941d-496892cb0512,Hill-Green,4a0c6738-1cb6-4a7b-8a3a-0a267629b5b4
5441fa8c-7a95-483c-839f-d1d186486199,Cook Inc,bd4c3b8d-356e-4ad4-b8c2-750e632c02f7
9ddb8804-e587-4557-a463-948d4c84462b,Collins-Coleman,3ccbbd30-65b1-429b-98fb-0a1ab4f2c065
be50efc3-b64a-4815-8003-d5c3040eb30f,"Baker, Brewer and Barajas",39d8c78c-18ef-42d7-b185-dc5ab44a0439
48ba5c4f-f1e3-4a15-8300-c5f0e4446141,Lynch PLC,3ccbbd30-65b1-429b-98fb-0a1ab4f2c065
b1b6c45b-61ad-40c2-93ea-eb5dd110c116,"Fowler, Garcia and Hensley",4a0c6738-1cb6-4a7b-8a3a-0a267629b5b4
a1f05186-6698-481b-9ef3-9ad8b9f81d4e,Adams-Moses,1128d0cf-95a8-43ad-9bf1-093bb9447769
df074791-7acf-4a54-9ae4-4622fa99f46c,"Garrett, Ellis and West",338ab250-d86b-486e-802e-b45d9d25db46
c205f48d-f1cc-473b-89e9-99eb6d921c85,Lynch LLC,9f5732ae-a3c9-49dc-8c3b-2148e343d3ce
4cb0ace6-7ef0-424b-a568-f38dacb160dd,Mclaughlin-Henry,740c49d4-61f0-4c42-99a5-dc912923b731
82a90a15-a678-487b-851f-57a3462bcbd6,"Hayes, Sloan and Lawson",cf8c20d6-d85d-4d28-855b-1d92667aebb6
c05258db-4d78-4eac-af7a-6f01223970c5,Mccormick-Erickson,94a2d563-8a72-4277-bd18-a88e92fe3bc9
95a705d9-dec6-4d2f-b005-e0a9074f7131,Garcia-Larson,364f42f9-8e5b-4ccb-8e7e-5291d9b086e6
254b4795-de26-4540-b757-50ce76a53e68,Morgan-Archer,5a6dbbb6-5437-479b-a7d1-abed970b7f04
9ef4434b-5877-4ce2-939e-686f9e59ed82,Thompson-Wallace,fc5eebf2-61bc-4b4b-9677-18854e0fadd7
7a2d1f98-9df1-451d-8d9b-23fdfa7b9b4d,Brooks and Sons,de423d37-0ea6-4798-86b3-1290857737f1
db9aef8f-93dc-4e01-b372-07ce04ccaa10,Foster-Campos,1128d0cf-95a8-43ad-9bf1-093bb9447769
8cdf410c-98ec-460c-a023-38665f2d0ec6,"Pitts, Erickson and Lopez",b7ead4ae-93d0-447a-b416-66e49404e116
2da7d181-bb20-49b3-b81f-0ab1939317c3,Hill-Daniels,4ba1d58a-7415-45b1-b486-b38280192eb4
df0e6052-0c67-4753-9dbf-2dde784c2c84,Ford-Elliott,99f97a2a-4ca6-4e90-87d7-cced00065508
23cc82fe-0385-4221-904d-679f08cab5f4,"Roach, Anderson and Dunn",cf631c6f-6e98-42a7-848f-8974b6053089
9c4d5bb8-6c57-45f7-ae32-ea185c1aee74,Trevino-Kelly,740c49d4-61f0-4c42-99a5-dc912923b731
f91794d3-c95a-49b0-a98c-4124ad19a8b7,Manning and Sons,39d8c78c-18ef-42d7-b185-dc5ab44a0439
e770defe-33bf-4bf6-b390-9dda283f9c1e,Smith PLC,2cbcb12a-f7f4-4314-8670-86cbdb265265
224a2481-5b7f-4f23-be7a-14ecd34ae256,"Guerrero, Shannon and Reyes",cc37561e-5b34-4e41-99b1-76ffe52fe939
0355dfd1-f836-4a37-9bca-65de603d66aa,Ball PLC,2cbcb12a-f7f4-4314-8670-86cbdb265265
b9e5f65d-9d17-4eae-ad1f-d8ab44d2d968,Reeves LLC,75e0ba52-23f5-49ca-bb58-83f4066a7d25
6f365f5b-486e-405c-98a0-daaa825892df,Johnson Inc,c32ffec9-20cb-47d5-b9d9-b94624d5e46a
0352ca21-38fa-4843-b384-dfae820d1a00,Meyer PLC,c32ffec9-20cb-47d5-b9d9-b94624d5e46a
f80de8dd-9756-460e-89ad-ebcdc0b1e8ad,Jones-Woods,5181cae0-a98c-4d03-bd67-24bbd3bee374
473d2eb1-f9bf-40c3-ad73-5e2a4f250e5b,Mcgee-Booth,4ba1d58a-7415-45b1-b486-b38280192eb4
d64a62e6-7c2d-440c-8871-2f13ef4e4782,Perry Ltd,8803703f-a7ab-45d1-ab0b-ea4205ca2a2e
fc1e9f7e-8ec8-4549-9c9f-61d0397fde44,Guerra-Alexander,cf8c20d6-d85d-4d28-855b-1d92667aebb6
8b1ae2a7-e0bf-40d6-870e-17a194e60e05,"Martinez, Stark and Sherman",364f42f9-8e5b-4ccb-8e7e-5291d9b086e6
41243499-f27e-434b-b14a-2f41eb710661,"Booth, Edwards and Clay",5a6dbbb6-5437-479b-a7d1-abed970b7f04
ae9027eb-a81a-4a4a-b31c-7d5c501633a4,"Hess, Heath and Moore",021e3aae-f4ff-45e9-8f10-28699a4cbcf9
c1a653f7-6abb-4405-b1a2-1af50221e65d,Chung Group,021e3aae-f4ff-45e9-8f10-28699a4cbcf9
7656c21a-0473-46fc-a9ad-59e1aa22eac4,"Johnson, Elliott and Cobb",2052b601-6234-4e7e-8518-e7e97989e85c
86e1f372-82d0-443e-9fca-1d5aa66835bb,Ritter-Gutierrez,710b53cf-1f24-477a-8e55-111af9bcbb3c
1f089ff7-7de8-4860-a0e8-749ae878284b,Morgan and Sons,4f98550f-8bcc-4803-8d23-32bab1f6a3f6
a9754457-2f82-422a-b0c2-ab32c5f095c3,"Marquez, Salazar and Marshall",94a2d563-8a72-4277-bd18-a88e92fe3bc9
84940bcb-5564-4de0-a171-bdc1ffda1fcb,"Avery, Peters and Hernandez",1840436e-d494-432a-bf03-df09cc8d961c
22a563d5-fdd0-419f-90bd-ba738a25381e,Guerrero-Shaw,fc5eebf2-61bc-4b4b-9677-18854e0fadd7
59b8db39-1f86-400f-840f-167b2fd5a966,"Mejia, Moreno and Martinez",1128d0cf-95a8-43ad-9bf1-093bb9447769
12979dc9-5363-4194-ac21-71c06a131e3f,Johnson and Sons,d2aedda9-212f-4616-abcd-ad63660da198
897ab50a-8fe1-4b90-ae92-b78409cec782,Lowe-Clark,9df5419e-88d0-44f3-8cd7-027e86c20957
4b1c0be3-2bc3-4289-b5e5-e05e56f741e6,"Perez, Ross and Smith",364f42f9-8e5b-4ccb-8e7e-5291d9b086e6
7418a568-8cc5-46d5-b51a-4e2f42df9f81,"Dickson, Lewis and Woodard",cf8c20d6-d85d-4d28-855b-1d92667aebb6
e08a5e39-a7e6-46fa-8d30-851faf48c481,Huff-Hayes,5181cae0-a98c-4d03-bd67-24bbd3bee374
fa967669-ddb7-4166-900c-d8837bf73a5d,Stone-Thompson,0ef39266-9c75-49dc-8ea8-fe5a269f4abb
3391290d-966c-44d1-aec5-8627260aac27,"Brown, Cowan and Melton",338ab250-d86b-486e-802e-b45d9d25db46
c51d949a-61e1-4e4f-8cd3-2fbe5d9c2898,"Hale, Park and Brown",84e03489-d383-4dee-b2ec-f80d8f3f49c5
c94423ad-7b7d-439c-8e4c-2ce36a663b5b,"Zamora, Atkins and Stephens",39d8c78c-18ef-42d7-b185-dc5ab44a0439
da4e155b-f0c6-460c-8252-49e059adde85,Powell Group,bfd0c62b-e289-4f85-9f02-720136931b75
0a355f12-ad45-47f8-b183-42362dd599c2,Estrada-Baker,2052b601-6234-4e7e-8518-e7e97989e85c
6af52aa3-a08f-4e16-a83f-3543647cf205,Stein Ltd,b0c39dac-7fd0-48ad-8a28-5e87a9b24c8f
d0671155-1b19-48c6-b07f-87bb4afe2624,"Myers, Dudley and Jacobs",740c49d4-61f0-4c42-99a5-dc912923b731
3a3fdb34-4569-4cff-af65-0c280df505d5,Williams and Sons,511e4f00-0118-4143-9cff-4ba82be0cedb
05d4cd04-9030-441f-9d4c-df21cefd85c8,Weber-David,fc5eebf2-61bc-4b4b-9677-18854e0fadd7
23fd0f44-c6e5-455b-acaa-b30e8573e625,Burch LLC,511e4f00-0118-4143-9cff-4ba82be0cedb
f7aa6c7d-ad58-48c8-81bb-fb72b574ab57,Spence-Gay,cf631c6f-6e98-42a7-848f-8974b6053089
a5a0a301-0596-4b6d-ace9-6312ce57d8df,"Hernandez, Martinez and Hebert",2cbcb12a-f7f4-4314-8670-86cbdb265265
b3a1ca97-fbbf-4187-bf38-8ac5a16728ac,Livingston Inc,70a1f110-7c31-452d-b839-576917cba2de
95784f85-2056-48ad-b6b4-844273fc972a,Gray-Smith,8803703f-a7ab-45d1-ab0b-ea4205ca2a2e
624b9a92-0fdb-4b39-8155-9f3d97a72e0f,"Gates, Long and Price",48340b68-3373-4d32-98f7-acc01d7445a1
79bc4041-a358-43f3-bef8-39e8d14e2f3d,"Allen, Gonzalez and Chavez",99f97a2a-4ca6-4e90-87d7-cced00065508
f0441490-0b13-4941-a838-566a54154878,Hawkins and Sons,177ac18d-a78f-4ada-8344-9b19fc364536
a160eaa9-2124-4f94-ae87-5c5036885792,Graham-Crawford,4f98550f-8bcc-4803-8d23-32bab1f6a3f6
7ff594ae-c27e-409a-8ecd-7144e87a5a4e,"Gordon, Bennett and Smith",70a1f110-7c31-452d-b839-576917cba2de
b6fc53fa-ac1b-4593-8291-e22e340c4b6a,Moss-Barker,177ac18d-a78f-4ada-8344-9b19fc364536
7487ba22-bc2e-497b-be3c-4a3f93c62099,Fitzgerald-Shelton,70a1f110-7c31-452d-b839-576917cba2de
f2d4b0cd-3f04-43bc-b12d-4f5145b17297,Williams Ltd,de423d37-0ea6-4798-86b3-1290857737f1
3fa3ff98-e1eb-49c2-a92b-0799cf2cd93d,Landry-Hodges,8803703f-a7ab-45d1-ab0b-ea4205ca2a2e
7b677ae4-df99-44a6-a5a4-d060071d2732,"Smith, Gill and Roberts",84e03489-d383-4dee-b2ec-f80d8f3f49c5
1743f17e-da90-47f3-b927-5bcbc206bc80,Watson and Sons,3ccbbd30-65b1-429b-98fb-0a1ab4f2c065
0e7310e9-a98c-4a5c-ba01-eeefca0a7523,"Griffin, Miller and Sullivan",cc37561e-5b34-4e41-99b1-76ffe52fe939
3ab61888-a375-4b7b-b10c-75be94f575b5,Fields-Sullivan,70a1f110-7c31-452d-b839-576917cba2de
3abc3532-fefc-4c26-a8e1-e8fbcf4965dc,Huynh Ltd,8803703f-a7ab-45d1-ab0b-ea4205ca2a2e
0026bd9c-247a-453a-ba8b-137cf9db8540,"Rivera, Wright and Lowe",19498413-8c33-4bd3-ac6a-1aab91c2da01
0b25a3c9-a552-4ea2-abfc-15fe4d9b7018,"Sanchez, Stewart and Montoya",48340b68-3373-4d32-98f7-acc01d7445a1
704b54ef-510d-49ec-a249-c549df19494c,Anderson Ltd,8803703f-a7ab-45d1-ab0b-ea4205ca2a2e
d8f80ed7-3d89-49e7-a22e-936cc7d13f44,Robinson and Sons,4a0c6738-1cb6-4a7b-8a3a-0a267629b5b4
b60719e6-6e4e-48ae-8db6-da7caeb5c5b7,Watkins-Gordon,2cbcb12a-f7f4-4314-8670-86cbdb265265
2728cf19-467c-4a0c-a2e6-2813fbb8cb5c,Hurst-Turner,f154746e-4926-47fb-9ee0-31d442557a2b
366d494c-41b5-413f-9e50-ced94464afe3,Brown-Perez,2052b601-6234-4e7e-8518-e7e97989e85c
ae9a3b68-361f-4dcd-a8ae-36f377277aee,Jordan-Rodriguez,4ba1d58a-7415-45b1-b486-b38280192eb4
ad4c801e-68a1-4cad-b6f7-27f14b1287e1,Perkins LLC,9df5419e-88d0-44f3-8cd7-027e86c20957
ff564b50-cddd-4140-9a41-dba8f5cf5afc,Clarke-Banks,364f42f9-8e5b-4ccb-8e7e-5291d9b086e6
c8e50054-9fba-477d-83c7-166105c83061,Arellano PLC,021e3aae-f4ff-45e9-8f10-28699a4cbcf9
162da8b7-4610-4bd4-8ed2-389d01f150bd,Ellis Ltd,5181cae0-a98c-4d03-bd67-24bbd3bee374
67c5835a-2654-4a0a-9b64-3682b2f447bf,Clark-Wilkerson,75e0ba52-23f5-49ca-bb58-83f4066a7d25
757cb6ca-8951-4181-be32-b592e8134368,Ford-Taylor,75e0ba52-23f5-49ca-bb58-83f4066a7d25
6f0816a0-c0c1-4e4d-a585-d1ac9fd93a90,Smith-Cruz,710b53cf-1f24-477a-8e55-111af9bcbb3c
7beb000b-6204-4758-add9-4456b610a7fa,Perry PLC,2cbcb12a-f7f4-4314-8670-86cbdb265265
29d8b58f-0982-4200-ab0c-d5f6508e9db0,"Wilkins, Chapman and Rodriguez",710b53cf-1f24-477a-8e55-111af9bcbb3c
6e91739f-d7f8-438d-be9b-839da113a24e,"Brown, Miller and Harris",6fc4dfac-52d7-483b-adf9-1ee3327dbcca
066c83fc-88f5-4ca1-9576-198f87144341,Perez and Sons,338ab250-d86b-486e-802e-b45d9d25db46
90590317-dd28-48c6-a865-91c7c9597f59,"Taylor, Sweeney and Rodriguez",bd4c3b8d-356e-4ad4-b8c2-750e632c02f7
f2b9ae11-bf32-4e2b-a107-4a08da711f79,Collins LLC,bd4c3b8d-356e-4ad4-b8c2-750e632c02f7
cb5074be-e086-4c6e-a348-f298f7b1fd1d,Yates Inc,2052b601-6234-4e7e-8518-e7e97989e85c
15f04d12-e3e0-4587-bb61-fe44349148dc,"Dunn, Wood and Faulkner",d2aedda9-212f-4616-abcd-ad63660da198
5194f333-a5c4-40d4-bae1-2e98215fddec,"Sanchez, Santos and Schultz",9e16ae06-41c0-40e0-9b3e-669a511be1b9
28037872-1e64-476f-8cd7-a25badc531e3,Campos-Pena,d2aedda9-212f-4616-abcd-ad63660da198
24bf1588-a210-42a4-9800-7d1f8764ebfe,Rodriguez-Zimmerman,6fc4dfac-52d7-483b-adf9-1ee3327dbcca
37f583ad-a584-41ee-b5bf-9ba048108a46,Barnes PLC,aeee9fcd-9f50-4cb5-a463-e8739eb37138
957bd7a3-d090-424d-9b7b-94f60554c0af,"Rocha, York and Clay",5181cae0-a98c-4d03-bd67-24bbd3bee374
d53c6f38-f71d-4c99-8f8e-c489d364ad39,Hardin-Flynn,cc37561e-5b34-4e41-99b1-76ffe52fe939
935c4cb1-8bc8-4ab1-9a08-f08c7af5f269,Owen LLC,48a4fd32-7782-4786-afa5-33f865427c80
5aa96306-5896-40a5-8ffe-aeedc74cfb9b,Evans Inc,b0c39dac-7fd0-48ad-8a28-5e87a9b24c8f
14d7add4-9e41-413a-9f40-51a89a44ff9d,Miller-Griffin,b0c39dac-7fd0-48ad-8a28-5e87a9b24c8f
58855756-6bb2-4afa-aae5-80199de3a47a,Sanchez and Sons,bd4c3b8d-356e-4ad4-b8c2-750e632c02f7
9124c0b3-edfe-465d-8bfe-b7dcb069672c,Watson Group,cc37561e-5b34-4e41-99b1-76ffe52fe939
9c6f2051-332f-493f-a63c-d459c23766de,"Rogers, Smith and Gonzalez",bfd0c62b-e289-4f85-9f02-720136931b75
